{
  "songs": [
    {
      "song_name": "A-Sky-Full-of-Stars_Coldplay.wav",
      "features": {
        "bpm": 124.97251892089844,
        "key": "F#",
        "scale": "major",
        "key_strength": 0.9537061452865601,
        "loudness": 0.6306665539741516,
        "danceability": 1.063618779182434,
        "spectral_centroid": 1051.0196533203125,
        "spectral_rolloff": 1012.257568359375,
        "dissonance": 0.4508204758167267,
        "onset_rate": 3.9003677368164062
      },
      "segments": {
        "intro": [
          0.0,
          45.0
        ],
        "build-up": [
          45.0,
          78.0
        ],
        "beat-drop": [
          78.0,
          100.0
        ],
        "verse": [
          100.0,
          132.0
        ],
        "chorus": [
          133.0,
          148.0
        ],
        "build-up1": [
          148.0,
          170.0
        ],
        "beat-drop1": [
          170.0,
          240.0
        ],
        "cool-down": [
          240.0,
          250.0
        ],
        "outro": [
          250.0,
          267.0
        ]
      }
    },
    {
      "song_name": "Am-I-Wrong_Nico-Vinz.wav",
      "features": {
        "bpm": 120.01065063476562,
        "key": "C",
        "scale": "minor",
        "key_strength": 0.8375437259674072,
        "loudness": 0.8950507640838623,
        "danceability": 1.0844073295593262,
        "spectral_centroid": 1259.434814453125,
        "spectral_rolloff": 1669.3558349609375,
        "dissonance": 0.45206475257873535,
        "onset_rate": 4.128686904907227
      },
      "segments": {
        "intro": [
          0.0,
          9.0
        ],
        "verse": [
          9.0,
          48.0
        ],
        "chorus": [
          48.0,
          80.0
        ],
        "verse1": [
          80.0,
          112.0
        ],
        "chorus1": [
          112.0,
          145.0
        ],
        "verse2": [
          145.0,
          176.0
        ],
        "build-up": [
          176.0,
          208.0
        ],
        "beat-drop": [
          208.0,
          241.0
        ],
        "outro": [
          241.0,
          247.0
        ]
      }
    },
    {
      "song_name": "Fast-Car_Jonas-Blue.wav",
      "features": {
        "bpm": 113.48259735107422,
        "key": "A",
        "scale": "major",
        "key_strength": 0.9718736410140991,
        "loudness": 0.8620220422744751,
        "danceability": 1.2134805917739868,
        "spectral_centroid": 985.17529296875,
        "spectral_rolloff": 1463.2188720703125,
        "dissonance": 0.43924471735954285,
        "onset_rate": 3.7893166542053223
      },
      "segments": {
        "intro": [
          0.0,
          19.0
        ],
        "verse": [
          20.0,
          62.0
        ],
        "build-up": [
          62.0,
          78.0
        ],
        "beat-drop": [
          78.0,
          113.0
        ],
        "cool-down": [
          113.0,
          120.0
        ],
        "verse1": [
          120.0,
          153.0
        ],
        "build-up1": [
          153.0,
          170.0
        ],
        "beat-drop1": [
          170.0,
          205.0
        ],
        "outro": [
          205.0,
          212.0
        ]
      }
    },
    {
      "song_name": "Addicted-To-You_avicii.wav",
      "features": {
        "bpm": 128.17079162597656,
        "key": "C#",
        "scale": "minor",
        "key_strength": 0.870959460735321,
        "loudness": 0.9366766810417175,
        "danceability": 1.0789018869400024,
        "spectral_centroid": 1573.45947265625,
        "spectral_rolloff": 1657.7127685546875,
        "dissonance": 0.45862632989883423,
        "onset_rate": 3.867957592010498
      },
      "segments": {
        "intro": [
          0.0,
          10.0
        ],
        "verse": [
          10.0,
          33.0
        ],
        "build-up": [
          33.0,
          51.0
        ],
        "beat-drop": [
          51.0,
          73.0
        ],
        "cool-down": [
          73.0,
          76.0
        ],
        "build-up1": [
          76.0,
          101.0
        ],
        "beat-drop1": [
          101.0,
          141.0
        ],
        "outro": [
          141.0,
          148.0
        ]
      }
    },
    {
      "song_name": "Clarity_Zedd.wav",
      "features": {
        "bpm": 127.94554901123047,
        "key": "Ab",
        "scale": "major",
        "key_strength": 0.9248329997062683,
        "loudness": 0.6126347184181213,
        "danceability": 0.9578222036361694,
        "spectral_centroid": 2794.920166015625,
        "spectral_rolloff": 5411.12939453125,
        "dissonance": 0.4835750162601471,
        "onset_rate": 3.5874314308166504
      },
      "segments": {
        "intro": [
          0.0,
          36.0
        ],
        "build-up": [
          36.0,
          66.0
        ],
        "beat-drop": [
          66.0,
          111.0
        ],
        "cool-down": [
          111.0,
          118.0
        ],
        "verse": [
          118.0,
          150.0
        ],
        "build-up1": [
          150.0,
          209.0
        ],
        "beat-drop1": [
          209.0,
          254.0
        ],
        "outro": [
          254.0,
          261.0
        ]
      }
    },
    {
      "song_name": "wake-me-up_avicii.wav",
      "features": {
        "bpm": 123.60303497314453,
        "key": "D",
        "scale": "major",
        "key_strength": 0.9240454435348511,
        "loudness": 0.8797588348388672,
        "danceability": 1.0910320281982422,
        "spectral_centroid": 1659.5361328125,
        "spectral_rolloff": 2212.52880859375,
        "dissonance": 0.46727630496025085,
        "onset_rate": 3.899880886077881
      },
      "segments": {
        "intro": [
          0.0,
          9.0
        ],
        "verse": [
          9.0,
          39.0
        ],
        "chorus": [
          39.0,
          70.0
        ],
        "build-up": [
          70.0,
          84.0
        ],
        "beat-drop": [
          84.0,
          117.0
        ],
        "verse1": [
          117.0,
          147.0
        ],
        "chorus1": [
          147.0,
          180.0
        ],
        "build-up1": [
          180.0,
          210.0
        ],
        "beat-drop1": [
          210.0,
          242.0
        ],
        "outro": [
          242.0,
          247.0
        ]
      }
    },
    {
      "song_name": "Fade-Into-Darkness_avicii.wav",
      "features": {
        "bpm": 125.8884506225586,
        "key": "F#",
        "scale": "major",
        "key_strength": 0.9537282586097717,
        "loudness": 0.889409601688385,
        "danceability": 1.039322853088379,
        "spectral_centroid": 1561.97607421875,
        "spectral_rolloff": 1904.7525634765625,
        "dissonance": 0.46330952644348145,
        "onset_rate": 3.2402005195617676
      },
      "segments": {
        "intro": [
          0.0,
          18.0
        ],
        "build-up": [
          18.0,
          61.0
        ],
        "beat-drop": [
          61.0,
          101.0
        ],
        "cool-down": [
          101.0,
          107.0
        ],
        "build-up1": [
          107.0,
          152.0
        ],
        "beat-drop1": [
          152.0,
          192.0
        ],
        "outro": [
          192.0,
          198.0
        ]
      }
    },
    {
      "song_name": "Die-Young_Kesha.wav",
      "features": {
        "bpm": 128.13265991210938,
        "key": "E",
        "scale": "major",
        "key_strength": 0.9515171647071838,
        "loudness": 0.9113681316375732,
        "danceability": 1.1842055320739746,
        "spectral_centroid": 2076.128662109375,
        "spectral_rolloff": 2142.89892578125,
        "dissonance": 0.47307440638542175,
        "onset_rate": 4.06718635559082
      },
      "segments": {
        "intro": [
          0.0,
          8.0
        ],
        "build-up": [
          8.0,
          38.0
        ],